geslacht;sport
jongen;atletiek
jongen;atletiek
jongen;atletiek
jongen;atletiek
jongen;atletiek
jongen;atletiek
jongen;atletiek
jongen;atletiek
jongen;atletiek
jongen;atletiek
jongen;atletiek
jongen;atletiek
jongen;atletiek
jongen;atletiek
jongen;atletiek
jongen;atletiek
jongen;atletiek
jongen;atletiek
jongen;atletiek
jongen;atletiek
jongen;atletiek
jongen;atletiek
jongen;atletiek
jongen;atletiek
jongen;atletiek
jongen;atletiek
jongen;atletiek
jongen;atletiek
jongen;atletiek
jongen;atletiek
jongen;atletiek
jongen;atletiek
jongen;atletiek
jongen;atletiek
jongen;schaatsen
jongen;schaatsen
jongen;schaatsen
jongen;schaatsen
jongen;schaatsen
jongen;schaatsen
jongen;schaatsen
jongen;paardrijden
jongen;paardrijden
jongen;paardrijden
jongen;paardrijden
jongen;paardrijden
jongen;paardrijden
jongen;paardrijden
jongen;paardrijden
jongen;paardrijden
jongen;paardrijden
jongen;paardrijden
jongen;paardrijden
jongen;paardrijden
jongen;paardrijden
jongen;paardrijden
jongen;paardrijden
jongen;paardrijden
jongen;paardrijden
jongen;paardrijden
jongen;paardrijden
jongen;paardrijden
jongen;paardrijden
jongen;paardrijden
jongen;paardrijden
jongen;paardrijden
jongen;paardrijden
jongen;paardrijden
jongen;paardrijden
jongen;paardrijden
jongen;paardrijden
jongen;paardrijden
jongen;paardrijden
jongen;paardrijden
meisje;schaatsen
meisje;schaatsen
meisje;schaatsen
meisje;schaatsen
meisje;paardrijden
meisje;paardrijden
meisje;paardrijden
meisje;paardrijden
meisje;paardrijden
meisje;paardrijden
meisje;paardrijden
meisje;paardrijden
meisje;paardrijden
meisje;paardrijden
meisje;paardrijden
meisje;paardrijden
meisje;paardrijden
meisje;paardrijden
meisje;paardrijden
meisje;paardrijden
meisje;paardrijden
meisje;paardrijden
meisje;paardrijden
meisje;paardrijden
meisje;paardrijden
meisje;paardrijden
meisje;atletiek
meisje;atletiek
meisje;atletiek
meisje;atletiek
meisje;atletiek
meisje;atletiek
meisje;atletiek
meisje;atletiek
meisje;atletiek
meisje;atletiek
meisje;atletiek
meisje;atletiek
meisje;atletiek
meisje;atletiek
meisje;atletiek
meisje;atletiek
meisje;atletiek
meisje;atletiek
meisje;atletiek
meisje;atletiek
meisje;atletiek
meisje;atletiek
